id,first_name,last_name,email,gender
1,Salomone,Smogur,ssmogur0@parallels.com,Male
2,Vance,Fawcett,vfawcett1@sourceforge.net,Male
3,,Assad,kassad2@geocities.com,Male
4,Nicoli,London,,Bigender
5,Gayla,Husbands,ghusbands4@netscape.com,Female
6,Hestia,Mordacai,hmordacai5@plala.or.jp,
7,Ag,McVittie,amcvittie6@apple.com,Female
8,Nap,Siman,nsiman7@sina.com.cn,Male
9,Dougie,Eames,deames8@yolasite.com,Male
10,Massimo,Bowker,mbowker9@smugmug.com,Male
11,Nickie,Bowling,nbowlinga@bloglines.com,Male
12,Thibaud,Del Checolo,tdelchecolob@jiathis.com,
13,Lenna,Strotone,lstrotonec@weather.com,Female
14,Melesa,Lewty,mlewtyd@wikipedia.org,Female
15,Darrin,Karlsson,,Male
16,Jasper,Wynrahame,jwynrahamef@mac.com,Male
17,Ewell,Folini,efolinig@redcross.org,Male
18,Gustave,Lardeux,glardeuxh@ucsd.edu,Male
19,Ethelin,Spoole,espoolei@vistaprint.com,Female
20,Vonny,Wrightham,vwrighthamj@instagram.com,Female
21,Hugo,Stiling,hstilingk@google.pl,Male
22,Celinka,Vanyashin,cvanyashinl@moonfruit.com,Female
23,Bernard,Alam,balamm@issuu.com,Male
24,Percy,Yakebowitch,pyakebowitchn@nhs.uk,Male
25,Car,Baxendale,cbaxendaleo@webeden.co.uk,Male
26,Eleonora,Penhale,epenhalep@businessinsider.com,Female
27,Gabriela,Lawrey,glawreyq@latimes.com,Female
28,Pascale,Pietruszka,ppietruszkar@edublogs.org,Male
29,Hill,Amner,hamners@ucoz.ru,Male
30,Sonia,Haye,shayet@intel.com,Genderqueer
31,Rachelle,Swinyard,rswinyardu@whitehouse.gov,
32,Robina,Ebbotts,rebbottsv@joomla.org,Agender
33,Olenolin,Nuttey,onutteyw@ft.com,Male
34,Bili,Sutherby,,Female
35,Kilian,Blinder,kblindery@sogou.com,Male
36,Jonathan,Parlot,jparlotz@dedecms.com,Male
37,Thain,Paddefield,tpaddefield10@ocn.ne.jp,Male
38,Malanie,Polglase,mpolglase11@dailymail.co.uk,Female
39,Jaimie,Duddy,jduddy12@chron.com,Agender
40,Lyndell,Grumley,lgrumley13@dropbox.com,Female
41,Fonsie,Avrahamof,favrahamof14@hibu.com,Male
42,Panchito,Lauks,plauks15@pagesperso-orange.fr,Male
43,Reynold,Gulston,rgulston16@phoca.cz,Male
44,Brynna,Tyrwhitt,btyrwhitt17@indiegogo.com,Female
45,Edita,Crim,ecrim18@ocn.ne.jp,Female
46,Karlis,Dennison,kdennison19@paginegialle.it,Male
47,Ellerey,Wilne,ewilne1a@ow.ly,Male
48,Margaux,Esposito,mesposito1b@prlog.org,Non-binary
49,Carly,Beneix,cbeneix1c@uol.com.br,Male
50,Avrom,Ellerman,aellerman1d@cdbaby.com,Male
51,Holden,Kaasmann,hkaasmann1e@dropbox.com,Male
52,Joli,Beardsell,jbeardsell1f@sohu.com,Female
53,Sarina,Conquest,sconquest1g@nsw.gov.au,Female
54,Georgia,Alf,galf1h@ezinearticles.com,Female
55,Gregoor,Ishaki,gishaki1i@elpais.com,Male
56,Winfield,Ashford,washford1j@msu.edu,Male
57,Andy,Swallow,aswallow1k@noaa.gov,Bigender
58,Lucienne,Syred,lsyred1l@salon.com,Female
59,Quincey,Scalera,qscalera1m@newyorker.com,Male
60,Rossy,McQuie,,Male
61,Jacky,Roger,jroger1o@auda.org.au,Female
62,Adair,Spoerl,aspoerl1p@columbia.edu,Male
63,Fey,Dayment,fdayment1q@princeton.edu,Female
64,Sondra,Laville,slaville1r@moonfruit.com,Female
65,Oralee,Gentric,ogentric1s@bloglines.com,Female
66,Hilly,Baress,hbaress1t@last.fm,Male
67,Danie,Spandley,dspandley1u@mit.edu,Male
68,Nanni,Sallows,nsallows1v@foxnews.com,Female
69,Paula,Claricoates,pclaricoates1w@sitemeter.com,Female
70,Selina,Elgood,selgood1x@issuu.com,Female
71,Corney,Rahlof,crahlof1y@shutterfly.com,Male
72,Porty,Stenbridge,pstenbridge1z@webnode.com,Male
73,Artemas,Ickovici,aickovici20@archive.org,Male
74,Alina,,asrawley21@earthlink.net,Female
75,Thadeus,Jakel,tjakel22@etsy.com,Male
76,Hashim,Ambroisin,hambroisin23@mlb.com,Male
77,Vidovic,Popworth,vpopworth24@drupal.org,Male
78,William,Cometto,wcometto25@amazonaws.com,Male
79,Brigham,Paish,bpaish26@whitehouse.gov,Male
80,Linda,Crumby,lcrumby27@a8.net,Female
81,Rollins,McKeggie,rmckeggie28@arstechnica.com,Male
82,Loree,Donaho,ldonaho29@patch.com,Female
83,Kellina,Swinburn,kswinburn2a@facebook.com,Female
84,Mendie,Bowery,mbowery2b@blogspot.com,Male
85,Brenden,Sweynson,bsweynson2c@columbia.edu,Male
86,Cathi,Lindup,clindup2d@homestead.com,Female
87,Tiphanie,Haysman,thaysman2e@admin.ch,Female
88,Elli,,edifrancecshi2f@java.com,Female
89,Andonis,Enrdigo,aenrdigo2g@seesaa.net,Male
90,Tynan,Welland,twelland2h@sciencedirect.com,Male
91,Ignacius,Ingledow,iingledow2i@usnews.com,
92,Corty,Senior,csenior2j@addthis.com,Male
93,Jeanie,McGee,jmcgee2k@abc.net.au,Female
94,,Ransfield,cransfield2l@a8.net,Female
95,Richard,Sommerland,rsommerland2m@edublogs.org,Male
96,Artus,Glenn,,Male
97,Tally,Lebreton,tlebreton2o@lulu.com,Male
98,Hailee,Bisatt,hbisatt2p@yolasite.com,Female
99,Luca,Comazzo,lcomazzo2q@bloglines.com,Male
100,Laird,,lsherston2r@nyu.edu,Male
